# CH1, CH2, Coincidence
821,0,0
809,0,0
820,0,0
836,0,0
828,0,0
846,0,0
834,0,0
810,0,0
845,0,0
792,0,0
826,0,0
794,0,0
844,0,0
844,0,0
813,0,0
805,0,0
831,0,0
827,0,0
824,0,0
812,0,0
842,0,0
804,0,0
804,0,0
827,0,0
766,0,0
761,0,0
847,0,0
770,0,0
862,0,0
777,0,0
809,0,0
786,0,0
802,0,0
782,0,0
814,0,0
746,0,0
797,0,0
822,0,0
790,0,0
812,0,0
896,0,0
866,0,0
873,0,0
807,0,0
793,0,0
806,0,0
816,0,0
773,0,0
830,0,0
771,0,0
826,0,0
848,0,0
801,0,0
823,0,0
826,0,0
771,0,0
809,0,0
848,0,0
796,0,0
818,0,0
809,0,0
826,0,0
885,0,0
796,0,0
851,0,0
835,0,0
831,0,0
809,0,0
784,0,0
770,0,0
856,0,0
800,0,0
776,0,0
816,0,0
836,0,0
818,0,0
824,0,0
767,0,0
855,0,0
821,0,0
787,0,0
823,0,0
781,0,0
850,0,0
833,0,0
803,0,0
841,0,0
818,0,0
809,0,0
776,0,0
866,0,0
803,0,0
821,0,0
809,0,0
851,0,0
828,0,0
825,0,0
875,0,0
830,0,0
766,0,0
851,0,0
840,0,0
805,0,0
841,0,0
847,0,0
814,0,0
839,0,0
783,0,0
801,0,0
806,0,0
819,0,0
808,0,0
780,0,0
797,0,0
784,0,0
797,0,0
779,0,0
805,0,0
833,0,0
816,0,0
836,0,0
792,0,0
828,0,0
819,0,0
794,0,0
792,0,0
838,0,0
800,0,0
805,0,0
815,0,0
844,0,0
841,0,0
874,0,0
828,0,0
826,0,0
804,0,0
870,0,0
805,0,0
827,0,0
834,0,0
788,0,0
852,0,0
850,0,0
844,0,0
812,0,0
828,0,0
831,0,0
848,0,0
817,0,0
815,0,0
867,0,0
830,0,0
834,0,0
786,0,0
806,0,0
861,0,0
843,0,0
815,0,0
795,0,0
835,0,0
804,0,0
850,0,0
790,0,0
806,0,0
776,0,0
802,0,0
841,0,0
809,0,0
807,0,0
840,0,0
785,0,0
814,0,0
794,0,0
798,0,0
847,0,0
794,0,0
779,0,0
879,0,0
783,0,0
831,0,0
800,0,0
770,0,0
824,0,0
847,0,0
780,0,0
806,0,0
837,0,0
826,0,0
792,0,0
827,0,0
832,0,0
834,0,0
788,0,0
805,0,0
795,0,0
845,0,0
770,0,0
746,0,0
824,0,0
810,0,0
825,0,0
847,0,0
856,0,0
791,0,0
851,0,0
811,0,0
777,0,0
807,0,0
864,0,0
794,0,0
786,0,0
850,0,0
819,0,0
790,0,0
783,0,0
847,0,0
816,0,0
858,0,0
810,0,0
790,0,0
815,0,0
820,0,0
825,0,0
833,0,0
817,0,0
800,0,0
813,0,0
790,0,0
779,0,0
834,0,0
774,0,0
836,0,0
875,0,0
801,0,0
823,0,0
783,0,0
767,0,0
830,0,0
847,0,0
850,0,0
883,0,0
842,0,0
808,0,0
845,0,0
809,0,0
819,0,0
842,0,0
798,0,0
814,0,0
773,0,0
814,0,0
828,0,0
805,0,0
853,0,0
813,0,0
806,0,0
797,0,0
800,0,0
844,0,0
806,0,0
793,0,0
794,0,0
816,0,0
816,0,0
846,0,0
866,0,0
819,0,0
837,0,0
834,0,0
776,0,0
885,0,0
801,0,0
915,0,0
835,0,0
851,0,0
782,0,0
814,0,0
812,0,0
868,0,0
841,0,0
807,0,0
831,0,0
840,0,0
870,0,0
843,0,0
800,0,0
836,0,0
811,0,0
779,0,0
756,0,0
813,0,0
785,0,0
870,0,0
826,0,0
857,0,0
888,0,0
861,0,0
814,0,0
823,0,0
817,0,0
837,0,0
848,0,0
851,0,0
816,0,0
815,0,0
821,0,0
826,0,0
816,0,0
851,0,0
860,0,0
878,0,0
819,0,0
822,0,0
863,0,0
849,0,0
770,0,0
819,0,0
825,0,0
829,0,0
845,0,0
820,0,0
796,0,0
801,0,0
771,0,0
847,0,0
779,0,0
815,0,0
806,0,0
851,0,0
795,0,0
843,0,0
808,0,0
826,0,0
830,0,0
852,0,0
858,0,0
833,0,0
862,0,0
897,0,0
839,0,0
852,0,0
779,0,0
872,0,0
881,0,0
893,0,0
830,0,0
868,0,0
848,0,0
847,0,0
834,0,0
819,0,0
830,0,0
849,0,0
763,0,0
827,0,0
837,0,0
876,0,0
824,0,0
846,0,0
810,0,0
819,0,0
886,0,0
835,0,0
830,0,0
836,0,0
840,0,0
882,0,0
841,0,0
785,0,0
838,0,0
817,0,0
819,0,0
804,0,0
791,0,0
829,0,0
794,0,0
841,0,0
778,0,0
880,0,0
849,0,0
834,0,0
884,0,0
853,0,0
822,0,0
805,0,0
830,0,0
852,0,0
862,0,0
819,0,0
845,0,0
857,0,0
800,0,0
860,0,0
859,0,0
775,0,0
849,0,0
828,0,0
851,0,0
824,0,0
820,0,0
841,0,0
782,0,0
857,0,0
816,0,0
860,0,0
876,0,0
787,0,0
820,0,0
813,0,0
862,0,0
805,0,0
859,0,0
839,0,0
865,0,0
849,0,0
865,0,0
774,0,0
860,0,0
803,0,0
824,0,0
821,0,0
820,0,0
882,0,0
854,0,0
795,0,0
834,0,0
876,0,0
815,0,0
821,0,0
808,0,0
860,0,0
815,0,0
876,0,0
789,0,0
834,0,0
881,0,0
814,0,0
813,0,0
821,0,0
849,0,0
849,0,0
880,0,0
854,0,0
797,0,0
827,0,0
853,0,0
804,0,0
880,0,0
838,0,0
838,0,0
851,0,0
835,0,0
824,0,0
849,0,0
835,0,0
868,0,0
863,0,0
834,0,0
857,0,0
849,0,0
846,0,0
836,0,0
868,0,0
847,0,0
787,0,0
845,0,0
840,0,0
838,0,0
881,0,0
862,0,0
834,0,0
851,0,0
801,0,0
842,0,0
799,0,0
871,0,0
876,0,0
848,0,0
854,0,0
813,0,0
844,0,0
887,0,0
836,0,0
840,0,0
859,0,0
869,0,0
808,0,0
857,0,0
817,0,0
874,0,0
849,0,0
835,0,0
832,0,0
886,0,0
821,0,0
858,0,0
814,0,0
826,0,0
847,0,0
880,0,0
843,0,0
841,0,0
831,0,0
843,0,0
838,0,0
830,0,0
874,0,0
839,0,0
878,0,0
794,0,0
828,0,0
807,0,0
847,0,0
833,0,0
876,0,0
846,0,0
852,0,0
865,0,0
824,0,0
837,0,0
812,0,0
825,0,0
860,0,0
815,0,0
874,0,0
820,0,0
795,0,0
830,0,0
836,0,0
845,0,0
855,0,0
861,0,0
805,0,0
837,0,0
841,0,0
902,0,0
857,0,0
810,0,0
908,0,0
890,0,0
860,0,0
871,0,0
846,0,0
850,0,0
818,0,0
875,0,0
867,0,0
859,0,0
879,0,0
823,0,0
855,0,0
877,0,0
858,0,0
869,0,0
912,0,0
828,0,0
852,0,0
853,0,0
880,0,0
883,0,0
802,0,0
862,0,0
857,0,0
815,0,0
852,0,0
870,0,0
870,0,0
896,0,0
880,0,0
858,0,0
844,0,0
805,0,0
841,0,0
880,0,0
817,0,0
871,0,0
868,0,0
867,0,0
836,0,0
864,0,0
880,0,0
875,0,0
887,0,0
828,0,0
862,0,0
884,0,0
832,0,0
890,0,0
834,0,0
900,0,0
896,0,0
840,0,0
883,0,0
853,0,0
858,0,0
859,0,0
792,0,0
816,0,0
858,0,0
815,0,0
863,0,0
802,0,0
805,0,0
834,0,0
860,0,0
804,0,0
875,0,0
857,0,0
824,0,0
803,0,0
847,0,0
826,0,0
879,0,0
814,0,0
860,0,0
832,0,0
879,0,0
844,0,0
801,0,0
840,0,0
798,0,0
886,0,0
861,0,0
847,0,0
796,0,0
853,0,0
865,0,0
841,0,0
859,0,0
864,0,0
873,0,0
859,0,0
826,0,0
848,0,0
824,0,0
908,0,0
865,0,0
867,0,0
823,0,0
833,0,0
825,0,0
869,0,0
813,0,0
887,0,0
773,0,0
848,0,0
878,0,0
916,0,0
874,0,0
795,0,0
887,0,0
873,0,0
855,0,0
863,0,0
816,0,0
888,0,0
872,0,0
877,0,0
852,0,0
895,0,0
875,0,0
823,0,0
805,0,0
864,0,0
834,0,0
869,0,0
879,0,0
823,0,0
904,0,0
902,0,0
805,0,0
842,0,0
856,0,0
813,0,0
892,0,0
864,0,0
869,0,0
865,0,0
865,0,0
862,0,0
842,0,0
860,0,0
832,0,0
856,0,0
854,0,0
833,0,0
857,0,0
826,0,0
847,0,0
851,0,0
876,0,0
853,0,0
865,0,0
859,0,0
843,0,0
830,0,0
850,0,0
873,0,0
848,0,0
906,0,0
870,0,0
872,0,0
863,0,0
908,0,0
860,0,0
854,0,0
900,0,0
891,0,0
858,0,0
903,0,0
839,0,0
872,0,0
840,0,0
902,0,0
847,0,0
832,0,0
841,0,0
803,0,0
884,0,0
820,0,0
906,0,0
847,0,0
894,0,0
843,0,0
844,0,0
904,0,0
813,0,0
848,0,0
851,0,0
855,0,0
894,0,0
875,0,0
872,0,0
851,0,0
878,0,0
831,0,0
903,0,0
887,0,0
832,0,0
847,0,0
855,0,0
830,0,0
849,0,0
857,0,0
883,0,0
795,0,0
853,0,0
861,0,0
870,0,0
865,0,0
894,0,0
896,0,0
767,0,0
910,0,0
839,0,0
851,0,0
811,0,0
869,0,0
862,0,0
887,0,0
813,0,0
890,0,0
896,0,0
802,0,0
807,0,0
867,0,0
856,0,0
841,0,0
814,0,0
919,0,0
820,0,0
830,0,0
830,0,0
824,0,0
852,0,0
869,0,0
832,0,0
847,0,0
832,0,0
828,0,0
861,0,0
889,0,0
919,0,0
865,0,0
812,0,0
812,0,0
864,0,0
852,0,0
783,0,0
881,0,0
893,0,0
832,0,0
875,0,0
825,0,0
866,0,0
828,0,0
828,0,0
833,0,0
879,0,0
825,0,0
884,0,0
851,0,0
873,0,0
860,0,0
845,0,0
812,0,0
863,0,0
891,0,0
875,0,0
822,0,0
857,0,0
890,0,0
843,0,0
851,0,0
812,0,0
869,0,0
790,0,0
819,0,0
832,0,0
826,0,0
865,0,0
876,0,0
851,0,0
817,0,0
854,0,0
818,0,0
858,0,0
902,0,0
852,0,0
837,0,0
837,0,0
867,0,0
853,0,0
870,0,0
864,0,0
850,0,0
848,0,0
855,0,0
824,0,0
830,0,0
913,0,0
862,0,0
866,0,0
867,0,0
827,0,0
859,0,0
871,0,0
860,0,0
866,0,0
870,0,0
846,0,0
823,0,0
881,0,0
852,0,0
900,0,0
894,0,0
897,0,0
847,0,0
896,0,0
813,0,0
895,0,0
898,0,0
881,0,0
848,0,0
836,0,0
877,0,0
864,0,0
815,0,0
879,0,0
884,0,0
901,0,0
812,0,0
850,0,0
872,0,0
842,0,0
863,0,0
851,0,0
867,0,0
845,0,0
858,0,0
855,0,0
865,0,0
817,0,0
880,0,0
861,0,0
832,0,0
827,0,0
860,0,0
868,0,0
853,0,0
890,0,0
810,0,0
832,0,0
860,0,0
865,0,0
868,0,0
843,0,0
881,0,0
821,0,0
873,0,0
864,0,0
813,0,0
864,0,0
878,0,0
839,0,0
867,0,0
889,0,0
832,0,0
863,0,0
883,0,0
844,0,0
841,0,0
857,0,0
885,0,0
909,0,0
857,0,0
845,0,0
872,0,0
852,0,0
878,0,0
867,0,0
869,0,0
897,0,0
874,0,0
886,0,0
872,0,0
867,0,0
819,0,0
888,0,0
901,0,0
799,0,0
887,0,0
866,0,0
837,0,0
859,0,0
839,0,0
858,0,0
838,0,0
854,0,0
822,0,0
854,0,0
840,0,0
835,0,0
910,0,0
893,0,0
781,0,0
854,0,0
832,0,0
900,0,0
842,0,0
939,0,0
811,0,0
861,0,0
908,0,0
883,0,0
863,0,0
847,0,0
858,0,0
848,0,0
853,0,0
863,0,0
856,0,0
838,0,0
825,0,0
863,0,0
876,0,0
880,0,0
906,0,0
870,0,0
919,0,0
875,0,0
898,0,0
891,0,0
881,0,0
830,0,0
873,0,0
923,0,0
845,0,0
886,0,0
888,0,0
810,0,0
860,0,0
902,0,0
883,0,0
869,0,0
870,0,0
849,0,0
822,0,0
910,0,0
907,0,0
841,0,0
870,0,0
790,0,0
839,0,0
868,0,0
878,0,0
839,0,0
878,0,0
906,0,0
928,0,0
